{"AOM_FastMaxC_to_N": [1000, ""], "AOM_FastUtilizationEfficiency": [0.10000000149011612, ""], "AOM_SlowUtilizationEfficiency": [0.40000000596046448, ""], "ActivationEnergy": [41000, ""], "AmmoniaOxidationRateCoeffStandard": [0.10000000149011612, "d-1"], "AtmosphericResistance": [0.0024999999441206455, "s m-1"], "CN_Ratio_SMB": [6.6999998092651367, ""], "Denit1": [0.20000000298023224, ""], "Denit2": [0.80000001192092896, ""], "Denit3": [0.89999997615814209, ""], "HydrolysisKM": [0.0033400000538676977, ""], "HydrolysisP1": [4.258999836831423e-12, ""], "HydrolysisP2": [1.4080000186600383e-12, ""], "ImmobilisationRateCoeffNH4": [0.5, "d-1"], "ImmobilisationRateCoeffNO3": [0.5, "d-1"], "Inhibitor_NH3": [1, "kg N m-3"], "LimitClayEffect": [0.25, "kg kg-1"], "MaxMineralisationDepth": 0.40000000000000002, "N2OProductionRate": [0.014999999664723873, "d-1"], "NitriteOxidationRateCoeffStandard": [0.20000000298023224, "d-1"], "PartSMB_Fast_to_SOM_Fast": [0.60000002384185791, ""], "PartSMB_Slow_to_SOM_Fast": [0.60000002384185791, ""], "PartSOM_Fast_to_SOM_Slow": [0.30000001192092896, ""], "PartSOM_to_SMB_Fast": [0.00019999999494757503, ""], "PartSOM_to_SMB_Slow": [0.014999999664723873, ""], "SMB_FastDeathRateStandard": [0.0099999997764825821, "d-1"], "SMB_FastMaintRateStandard": [0.0099999997764825821, "d-1"], "SMB_SlowDeathRateStandard": [0.0010000000474974513, "d-1"], "SMB_SlowMaintRateStandard": [0.0010000000474974513, "d-1"], "SMB_UtilizationEfficiency": [0.60000002384185791, "d-1"], "SOM_FastDecCoeffStandard": [0.00014000000373926014, "d-1"], "SOM_FastUtilizationEfficiency": [0.5, ""], "SOM_SlowDecCoeffStandard": [4.3000000005122274e-05, "d-1"], "SOM_SlowUtilizationEfficiency": [0.40000000596046448, ""], "SpecAnaerobDenitrification": [0.10000000149011612, "g gas-N g CO2-C-1"], "TransportRateCoeff": [0.10000000149011612, "d-1"], "type": "UserSoilOrganicParameters"}