{  
  "AssimilatePartitioningCoeff":[  
    [  
      0.59999999999999998,
      0.40000000000000002,
      0,
      0
    ],
    [  
      0.55000000000000004,
      0.25,
      0.20000000000000001,
      0
    ],
    [  
      0.5,
      0.3,
      0.2,
      0
    ],
    [  
      0.4,
      0.2,
      0.3,
      0.1
    ],
    [  
      0.25,
      0.25,
      0.25,
      0.25
    ],
    [  
      0.25,
      0.25,
      0.25,
      0.25
    ],
    [  
      0.25,
      0.25,
      0.25,
      0.25    ]
  ],
  "BaseDaylength":[  
    [  
      0,
      0,
      0,
      0,
      0,
      0,
      0
    ],
    "h"
  ],
  "BeginSensitivePhaseHeatStress":[  
    0,
    "°C d"
  ],
  "CriticalTemperatureHeatStress":[  
    31,
    "°C"
  ],
  "CropHeightP1":9,
  "CropHeightP2":0.34999999403953552,
  "CropSpecificMaxRootingDepth":1.4,
  "CultivarName":"sunflower",
  "DaylengthRequirement":[  
    [  
      0,
      0,
      0,
      0,
      0,
      0,
      0
    ],
    "h"
  ],
  "Description":"",
  "DroughtStressThreshold":[  
    0.5,
    0.5,
    0.5,
    0.5,
    0.59999999999999998,
    0.59999999999999998,
    0.20000000000000001
  ],
  "EndSensitivePhaseHeatStress":[  
    0,
    "°C d"
  ],
  "FrostDehardening":0,
  "FrostHardening":0,
  "HeatSumIrrigationEnd":993,
  "HeatSumIrrigationStart":113,
  "LT50cultivar":0,
  "LatestHarvestDoy":-1,
  "LowTemperatureExposure":0,
  "MaxAssimilationRate":60,
  "MaxCropHeight":[  
    2.5,
    "m"
  ],
  "OptimumTemperature":[  
    [  
      25,
      25,
      25,
      25,
      25,
      25,
      25
    ],
    "°C"
  ],
  "OrganIdsForCutting":[  

  ],
  "OrganIdsForPrimaryYield":[  
    {  
      "organId":4,
      "type":"YieldComponent",
      "yieldDryMatter":0.9,
      "yieldPercentage":0.9
    }
  ],
  "OrganIdsForSecondaryYield":[  

  ],
  "OrganSenescenceRate":[  
    [  
      0,
      0,
      0,
      0
    ],
    [  
      0,
      0,
      0,
      0
    ],
    [  
      0,
      0,
      0,
      0
    ],
    [  
      0.0050000000000000001,
      0.001,
      0,
      0
    ],
    [  
      0.10000000000000001,
      0.0030000000000000001,
      0,
      0
    ],
    [  
      0.10000000000000001,
      0.0050000000000000001,
      0.012999999999999999,
      0
    ],
    [  
      0,
      0.02,
      0.02,
      0
    ]
  ],
  "Perennial":false,
  "ResidueNRatio":0.5,
  "RespiratoryStress":0,
  "SpecificLeafArea":[  
    [  
      0.0028,
      0.002,
      0.002,
      0.0019,
      0.0018,
      0.0018,
      0.0018
    ],
    "ha kg-1"
  ],
  "StageKcFactor":[  
    [  
      0.40000000000000002,
      1,
      1,
      1.2,
      1.25,
      1.25,
      1
    ],
    "1;0"
  ],
  "StageTemperatureSum":[  
    [  
      168,
      184,
      190,
      250,
      200,
      400,
      25
    ],
    "°C d"
  ],
  "VernalisationRequirement":[  
    0,
    0,
    0,
    0,
    0,
    0,
    0
  ],
  "type":"CultivarParameters"
}