{"AssimilatePartitioningCoeff": [[0.65000000000000002, 0.34999999999999998, 0], [0.59999999999999998, 0.20000000000000001, 0.20000000000000001], [0.20000000000000001, 0.40000000000000002, 0.40000000000000002], [0.050000000000000003, 0.34999999999999998, 0.59999999999999998], [0.050000000000000003, 0.25, 0.69999999999999996], [0, 0.40000000000000002, 0.59999999999999998], [0, 0.40000000000000002, 0.59999999999999998]], "BaseDaylength": [[0, 0, 0, 0, 0, 0, 0], "h"], "BeginSensitivePhaseHeatStress": [0, "°C d"], "CriticalTemperatureHeatStress": [31, "°C"], "CropHeightP1": 7.7600002288818359, "CropHeightP2": 0.49000000953674316, "CropSpecificMaxRootingDepth": 1.3999999761581421, "CultivarName": "", "DaylengthRequirement": [[0, 0, 0, 0, 0, 0, 0], "h"], "Description": "", "DroughtStressThreshold": [0, 0, 0, 0, 0, 0, 0], "EndSensitivePhaseHeatStress": [0, "°C d"], "FrostDehardening": 0, "FrostHardening": 0, "HeatSumIrrigationEnd": 993, "HeatSumIrrigationStart": 113, "LT50cultivar": 0, "LatestHarvestDoy": -1, "LowTemperatureExposure": 0, "MaxAssimilationRate": 50.200000762939453, "MaxCropHeight": [3, "m"], "OptimumTemperature": [[30, 30, 30, 30, 30, 30, 30], "°C"], "OrganIdsForCutting": [], "OrganIdsForPrimaryYield": [{"organId": 2, "type": "YieldComponent", "yieldDryMatter": 0.32000000000000001, "yieldPercentage": 0.90000000000000002}, {"organId": 3, "type": "YieldComponent", "yieldDryMatter": 0.32000000000000001, "yieldPercentage": 0.90000000000000002}], "OrganIdsForSecondaryYield": [], "OrganSenescenceRate": [[0, 0, 0], [0, 0, 0], [0, 0, 0], [0.0050000000000000001, 0.001, 0], [0.10000000000000001, 0.0030000000000000001, 0], [0.10000000000000001, 0.0050000000000000001, 0.012999999999999999], [0, 0.02, 0.02]], "Perennial": false, "ResidueNRatio": 0.5, "RespiratoryStress": 0, "SpecificLeafArea": [[0.0025000000000000001, 0.0016999999999999999, 0.0015, 0.0014, 0.0011999999999999999, 0.0011999999999999999, 0.0011999999999999999], "ha kg-1"], "StageKcFactor": [[0.20000000000000001, 0.80000000000000004, 1, 0.90000000000000002, 1.25, 0.90000000000000002, 1], "1;0"], "StageTemperatureSum": [[89.900000000000006, 250.19999999999999, 299.5, 400, 200, 300, 25], "°C d"], "VernalisationRequirement": [0, 0, 0, 0, 0, 0, 0], "type": "CultivarParameters"}