{  
  "AbovegroundOrgan":[  
    false,
    true,
    true,
    false
  ],
  "AssimilateReallocation":0.30000001192092896,
  "BaseTemperature":[  
    1,
    1,
    1,
    1,
    1,
    1
  ],
  "CarboxylationPathway":1,
  "CriticalOxygenContent":[  
    0.029999999999999999,
    0.029999999999999999,
    0.029999999999999999,
    0.029999999999999999,
    0.029999999999999999,
    0.029999999999999999
  ],
  "CuttingDelayDays":0,
  "DefaultRadiationUseEfficiency":0.5,
  "DevelopmentAccelerationByNitrogenStress":0.5,
  "DroughtImpactOnFertilityFactor":0,
  "FieldConditionModifier":1,
  "InitialKcFactor":0.40000000596046448,
  "InitialOrganBiomass":[  
    53,
    53,
    0,
    0
  ],
  "InitialRootingDepth":0.10000000149011612,
  "LimitingTemperatureHeatStress":40,
  "LuxuryNCoeff":1.65,
  "MaxCropDiameter":0,
  "MaxNUptakeParam":3.1449999809265137,
  "MinimumNConcentration":0.002399999888241291,
  "MinimumTemperatureForAssimilation":1,
  "MinimumTemperatureRootGrowth":1,
  "NConcentrationAbovegroundBiomass":0.059999998658895493,
  "NConcentrationB0":2,
  "NConcentrationPN":1,
  "NConcentrationRoot":0.019999999552965164,
  "OrganGrowthRespiration":[  
    0.01,
    0.029999999999999999,
    0.014999999999999999,
    0.01
  ],
  "OrganMaintenanceRespiration":[  
    0.01,
    0.029999999999999999,
    0.014999999999999999,
    0.01
  ],
  "PartBiologicalNFixation":0,
  "PlantDensity":20,
  "RootDistributionParam":0.0027870000340044498,
  "RootFormFactor":1.5,
  "RootGrowthLag":-30,
  "RootPenetrationRate":0.0020000000949949026,
  "SamplingDepth":0.60000002384185791,
  "SpeciesName":"carrot",
  "SpecificRootLength":300,
  "StageAfterCut":0,
  "StageAtMaxDiameter":2,
  "StageAtMaxHeight":3,
  "StageMaxRootNConcentration":[  
    0.02,
    0.02,
    0.012,
    0.01,
    0.01,
    0.01
  ],
  "StorageOrgan":[  
    false,
    false,
    false,
    true
  ],
  "TargetN30":120,
  "TargetNSamplingDepth":340,
  "type":"SpeciesParameters"
}