{"AbovegroundOrgan": [false, true, true], "AssimilateReallocation": 0.30000001192092896, "BaseTemperature": [12, 12, 10, 12, 12, 12, 12], "CarboxylationPathway": 2, "CriticalOxygenContent": [0.040000000000000001, 0.02, 0.02, 0.02, 0.02, 0.02, 0.040000000000000001], "CuttingDelayDays": 0, "DefaultRadiationUseEfficiency": 0.5, "DevelopmentAccelerationByNitrogenStress": 0, "DroughtImpactOnFertilityFactor": 0.5, "FieldConditionModifier": 1, "InitialKcFactor": 0.40000000596046448, "InitialOrganBiomass": [12, 12, 0], "InitialRootingDepth": 0.10000000149011612, "LimitingTemperatureHeatStress": 40, "LuxuryNCoeff": 1, "MaxCropDiameter": 0.02500000037252903, "MaxNUptakeParam": 7.4000000953674316, "MinimumNConcentration": 0.0040000001899898052, "MinimumTemperatureForAssimilation": 9, "MinimumTemperatureRootGrowth": 9, "NConcentrationAbovegroundBiomass": 0.059999998658895493, "NConcentrationB0": 6.2670001983642578, "NConcentrationPN": 1, "NConcentrationRoot": 0.019999999552965164, "OrganGrowthRespiration": [0.01, 0.029999999999999999, 0.01], "OrganMaintenanceRespiration": [0.01, 0.029999999999999999, 0.01], "PartBiologicalNFixation": 0, "PlantDensity": 10, "RootDistributionParam": 0.0035000001080334187, "RootFormFactor": 3, "RootGrowthLag": -30, "RootPenetrationRate": 0.00139999995008111, "SamplingDepth": 0.89999997615814209, "SpeciesName": "sorghum", "SpecificRootLength": 300, "StageAfterCut": 0, "StageAtMaxDiameter": 4, "StageAtMaxHeight": 5, "StageMaxRootNConcentration": [0.02, 0.02, 0.012, 0.01, 0.01, 0.01, 0.01], "StorageOrgan": [false, false, false], "TargetN30": 60, "TargetNSamplingDepth": 200, "type": "SpeciesParameters"}