{
  "AbovegroundOrgan": [
    false,
    true,
    true,
    false
  ],
  "AssimilateReallocation": 0.30000001192092896,
  "BaseTemperature": [
    0.7448100000000001,
    1.32999,
    3.68437,
    3.59787,
    4.53199,
    3.22942
  ],
  "CarboxylationPathway": 1,
  "CriticalOxygenContent": [
    0.08,
    0.08,
    0.08,
    0.08,
    0.08,
    0.08
  ],
  "CuttingDelayDays": 6.11964,
  "DefaultRadiationUseEfficiency": 0.5,
  "DevelopmentAccelerationByNitrogenStress": 0,
  "DroughtImpactOnFertilityFactor": 0,
  "FieldConditionModifier": 1,
  "InitialKcFactor": 0.4000000059604645,
  "InitialOrganBiomass": [
    53,
    53,
    0,
    0
  ],
  "InitialRootingDepth": 0.10000000149011612,
  "LimitingTemperatureHeatStress": 40,
  "LuxuryNCoeff": 1,
  "MaxCropDiameter": 0.003000000026077032,
  "MaxNUptakeParam": 3.1449999809265137,
  "MinimumNConcentration": 0.004999999888241291,
  "MinimumTemperatureForAssimilation": 8,
  "MinimumTemperatureRootGrowth": 0,
  "NConcentrationAbovegroundBiomass": 0.05999999865889549,
  "NConcentrationB0": 0.0010000000474974513,
  "NConcentrationPN": 2.5999999046325684,
  "NConcentrationRoot": 0.019999999552965164,
  "OrganGrowthRespiration": [
    0.01,
    0.03,
    0.01,
    0.015
  ],
  "OrganMaintenanceRespiration": [
    0.01,
    0.03,
    0.01,
    0.015
  ],
  "PartBiologicalNFixation": 0,
  "PlantDensity": 600,
  "RootDistributionParam": 0.00278700003400445,
  "RootFormFactor": 5,
  "RootGrowthLag": -30,
  "RootPenetrationRate": 0.0007999999797903001,
  "SamplingDepth": 0.6000000238418579,
  "SpeciesName": "rye grass",
  "SpecificRootLength": 300,
  "StageAfterCut": 2,
  "StageAtMaxDiameter": 2,
  "StageAtMaxHeight": 3,
  "StageMaxRootNConcentration": [
    0.02,
    0.02,
    0.012,
    0.01,
    0.01,
    0.01
  ],
  "StorageOrgan": [
    false,
    false,
    false,
    true
  ],
  "TargetN30": 20,
  "TargetNSamplingDepth": 50,
  "type": "SpeciesParameters",
  "StageMobilFromStorageCoeff": [
    0.00014,
    0.02837,
    0.2884,
    0.17242000000000002,
    0.08199,
    0.03165
  ]
}