{  
  "AssimilatePartitioningCoeff":[  
    [  
      0.45000000000000002,
      0.34999999999999998,
      0.2,
      0
    ],
    [  
      0.39999999999999998,
      0.30000000000000001,
      0.20000000000000001,
      0
    ],
    [  
      0.20000000000000001,
      0.30000000000000001,
      0.49999999999999998,
      0
    ],
    [  
      0.050000000000000003,
      0.29999999999999999,
      0.49999999999999998,
      0.150000000000000003
    ],
    [  
      0,
      0.30000000000000002,
      0.5,
      0.20000000000000001
    ],
    [  
      0,
      0.3,
      0.60000000000000002,
      0.10000000000000001
    ],
    [  
      0,
      0,
      0,
      1
    ]
  ],
  "BaseDaylength":[  
    [  
      0,
      0,
      0,
      0,
      0,
      0,
      0
    ],
    "h"
  ],
  "BeginSensitivePhaseHeatStress":[  
    0,
    "°C d"
  ],
  "CriticalTemperatureHeatStress":[  
    31,
    "°C"
  ],
  "CropHeightP1":5.2800002098083496,
  "CropHeightP2":0.51999998092651367,
  "CropSpecificMaxRootingDepth":2.2,
  "CultivarName":"",
  "DaylengthRequirement":[  
    [  
      0,
      0,
      0,
      0,
      0,
      0,
      0
    ],
    "h"
  ],
  "Description":"",
  "DroughtStressThreshold":[  
    0,
    0,
    0,
    0,
    0,
    0,
    0
  ],
  "EndSensitivePhaseHeatStress":[  
    0,
    "°C d"
  ],
  "FrostDehardening":0,
  "FrostHardening":0,
  "HeatSumIrrigationEnd":993,
  "HeatSumIrrigationStart":113,
  "LT50cultivar":-1,
  "LatestHarvestDoy":-1,
  "LowTemperatureExposure":0.65399998426437378,
  "MaxAssimilationRate":20,
  "MaxCropHeight":[  
    2.5999999046325684,
    "m"
  ],
  "OptimumTemperature":[  
    [  
      30,
      30,
      30,
      30,
      30,
      30,
      30
    ],
    "°C"
  ],
  "OrganIdsForCutting":[  
    {  
      "organId":2,
      "type":"YieldComponent",
      "yieldDryMatter":0.21999999284744263,
      "yieldPercentage":0.54999999999999998
    },
    {  
      "organId":3,
      "type":"YieldComponent",
      "yieldDryMatter":0.21999999284744263,
      "yieldPercentage":0.54999999999999998
    },
    {  
      "organId":4,
      "type":"YieldComponent",
      "yieldDryMatter":0.21999999284744263,
      "yieldPercentage":0.54999999999999998
    }
  ],
  "OrganIdsForPrimaryYield":[  
    {  
      "organId":2,
      "type":"YieldComponent",
      "yieldDryMatter":0.22000000000000001,
      "yieldPercentage":0.3
    },
    {  
      "organId":3,
      "type":"YieldComponent",
      "yieldDryMatter":0.22000000000000001,
      "yieldPercentage":0.3
    },
    {  
      "organId":4,
      "type":"YieldComponent",
      "yieldDryMatter":0.22000000000000001,
      "yieldPercentage":0.3
    }
  ],
  "OrganIdsForSecondaryYield":[  

  ],
  "OrganSenescenceRate":[  
    [  
      0,
      0,
      0,
      0
    ],
    [  
      0,
      0,
      0,
      0
    ],
    [  
      0,
      0,
      0,
      0
    ],
    [  
      0.0050000000000000001,
      0.001,
      0,
      0
    ],
    [  
      0.10000000000000001,
      0.0030000000000000001,
      0,
      0
    ],
    [  
      0.10000000000000001,
      0.0050000000000000001,
      0.012999999999999999,
      0
    ],
    [  
      0,
      0.02,
      0.02,
      0
    ]
  ],
  "Perennial":false,
  "ResidueNRatio":0.5,
  "RespiratoryStress":0.54000002145767212,
  "SpecificLeafArea":[  
    [  
      0.0025000000000000001,
      0.0016999999999999999,
      0.0015,
      0.0014,
      0.0011999999999999999,
      0.0011999999999999999,
      0.0011999999999999999
    ],
    "ha kg-1"
  ],
  "StageKcFactor":[  
    [  
      0.29999999999999999,
      0.80000000000000004,
      0.80000000000000004,
      0.96999999999999997,
      0.96999999999999997,
      0.90000000000000002,
      0.80000000000000004
    ],
    "1;0"
  ],
  "StageTemperatureSum":[  
    [  
      51,
      213.59999999999999,
      130,
      108,
      222.5,
      115.5,
      25
    ],
    "°C d"
  ],
  "VernalisationRequirement":[  
    0,
    0,
    0,
    0,
    0,
    0,
    0
  ],
  "type":"CultivarParameters"
}