{  
  "AssimilatePartitioningCoeff":[  
    [  
      0.3,
      0.2,
      0,
      0.5
    ],
    [  
      0.1,
      0.2,
      0.1,
      0.6
    ],
    [  
      0.1,
      0.1,
      0.2,
      0.6
    ],
    [  
      0,
      0.1,
      0.1,
      0.8
    ],
    [  
      0.1,
      0,
      0.1,
      0.8
    ],
    [  
      0,
      0,
      0.1,
      0.9
    ]
  ],
  "BaseDaylength":[  
    [  
      0,
      0,
      0,
      0,
      0,
      0
    ],
    "h"
  ],
  "BeginSensitivePhaseHeatStress":[  
    0,
    "°C d"
  ],
  "CriticalTemperatureHeatStress":[  
    31,
    "°C"
  ],
  "CropHeightP1":9,
  "CropHeightP2":0.34999999403953552,
  "CropSpecificMaxRootingDepth":0.8,
  "CultivarName":"moderately early potato",
  "DaylengthRequirement":[  
    [  
      0,
      0,
      0,
      0,
      0,
      0
    ],
    "h"
  ],
  "Description":"",
  "DroughtStressThreshold":[  
    0.20000000000000001,
    0.20000000000000001,
    0.70000000000000004,
    0.59999999999999996,
    0.59999999999999996,
    0.59999999999999996
  ],
  "EndSensitivePhaseHeatStress":[  
    0,
    "°C d"
  ],
  "FrostDehardening":0,
  "FrostHardening":0,
  "HeatSumIrrigationEnd":900,
  "HeatSumIrrigationStart":113,
  "LT50cultivar":-5,
  "LatestHarvestDoy":-1,
  "LowTemperatureExposure":0.65399998426437378,
  "MaxAssimilationRate":35,
  "MaxCropHeight":[  
    0.6,
    "m"
  ],
  "OptimumTemperature":[  
    [  
      30,
      30,
      30,
      30,
      30,
      30
    ],
    "°C"
  ],
  "OrganIdsForCutting":[  

  ],
  "OrganIdsForPrimaryYield":[  
    {  
      "organId":4,
      "type":"YieldComponent",
      "yieldDryMatter":0.22,
      "yieldPercentage":1
    }
  ],
  "OrganIdsForSecondaryYield":[  

  ],
  "OrganSenescenceRate":[  
    [  
      0,
      0,
      0,
      0
    ],
    [  
      0,
      0,
      0,
      0
    ],
    [  
      0,
      0,
      0,
      0
    ],
    [  
      0,
      0,
      0,
      0
    ],
    [  
      0,
      0,
      0,
      0
    ],
    [  
      0,
      0,
      0,
      0
    ]
  ],
  "Perennial":false,
  "ResidueNRatio":1.8999999761581421,
  "RespiratoryStress":0.54000002145767212,
  "SpecificLeafArea":[  
    [  
      0.0030000000000000001,
      0.002,
      0.0015,
      0.0011999999999999999,
      0.0011999999999999999,
      0.0011999999999999999
    ],
    "ha kg-1"
  ],
  "StageKcFactor":[  
    [  
      0.40000000000000002,
      0.59999999999999998,
      1,
      1.1000000000000001,
      0.84999999999999998,
      0.40000000000000002
    ],
    "1;0"
  ],
  "StageTemperatureSum":[  
    [  
      148,
      300,
      300,
      550,
      500,
      125
    ],
    "°C d"
  ],
  "VernalisationRequirement":[  
    0,
    0,
    0,
    0,
    0,
    0
  ],
  "type":"CultivarParameters"
}