 {  
  "AssimilatePartitioningCoeff":[  
    [  
      0.60,
      0.40000000000000002,
      0,
      0
    ],
    [  
      0.40,
      0.30,
      0.30,
      0
    ],
    [  
      0.1,
      0.20000000000000001,
      0.7,
      0
    ],
    [  
      0.0,
      0.0,
      0.3,
      0.70
    ],
    [  
      0,
      0,
      0,
      1
    ],
    [  
      0,
      0,
      0,
      1
    ],
    [  
      0,
      0,
      0,
      1
    ]
  ],
  "BaseDaylength":[  
    [  
      0,
      0,
      0,
      0,
      0,
      0,
      0
    ],
    "h"
  ],
  "BeginSensitivePhaseHeatStress":[  
    0,
    "°C d"
  ],
  "CriticalTemperatureHeatStress":[  
    31,
    "°C"
  ],
  "CropHeightP1":9,
  "CropHeightP2":0.34999999403953552,
  "CropSpecificMaxRootingDepth":1.3999999761581421,
  "CultivarName":"grain maize",
  "DaylengthRequirement":[  
    [  
      0,
      0,
      0,
      0,
      0,
      0,
      0
    ],
    "h"
  ],
  "Description":"",
  "DroughtStressThreshold":[  
    0.5,
    0.5,
    0.5,
    0.5,
    0.59999999999999998,
    0.59999999999999998,
    0.20000000000000001
  ],
  "EndSensitivePhaseHeatStress":[  
    0,
    "°C d"
  ],
  "FrostDehardening":0,
  "FrostHardening":0,
  "HeatSumIrrigationEnd":993,
  "HeatSumIrrigationStart":113,
  "LT50cultivar":0,
  "LatestHarvestDoy":-1,
  "LowTemperatureExposure":0,
  "MaxAssimilationRate":96,
  "MaxCropHeight":[  
    2,
    "m"
  ],
  "OptimumTemperature":[  
    [  
      30,
      30,
      30,
      30,
      30,
      30,
      30
    ],
    "°C"
  ],
  "OrganIdsForCutting":[  

  ],
  "OrganIdsForPrimaryYield":[  
    {  
      "organId":4,
      "type":"YieldComponent",
      "yieldDryMatter":0.85999999999999999,
      "yieldPercentage":0.78000000000000003
    }
  ],
  "OrganIdsForSecondaryYield":[  

  ],
  "OrganSenescenceRate":[  
    [  
      0,
      0,
      0,
      0
    ],
    [  
      0,
      0,
      0,
      0
    ],
    [  
      0,
      0,
      0,
      0
    ],
    [  
      0.0010000000000000001,
      0.0,
      0,
      0
    ],
    [  
      0.10000000000000001,
      0.001,
      0.001,
      0
    ],
    [  
      0.10000000000000001,
      0.01,
      0.006,
      0
    ],
    [  
      0,
      0.01,
      0.01,
      0
    ]
  ],
  "Perennial":false,
  "ResidueNRatio":0.5,
  "RespiratoryStress":0,
  "SpecificLeafArea":[  
    [  
      0.0035,
      0.0011,
      0.001,
      0.001,
      0.001,
      0.001,
      0.001
    ],
    "ha kg-1"
  ],
  "StageKcFactor":[  
    [  
      0.15,
      0.3,
      1.2,
      1.25,
      1.25,
      1.25,
      1
    ],
    "1;0"
  ],
  "StageTemperatureSum":[  
    [  
      120,
      330,
      350,
      138,
      475,
      450,
      25
    ],
    "°C d"
  ],
  "VernalisationRequirement":[  
    0,
    0,
    0,
    0,
    0,
    0,
    0
  ],
  "type":"CultivarParameters"
}