{  
  "AssimilatePartitioningCoeff":[  
    [  
      0.5,
      0.5,
      0,
      0
    ],
    [  
      0.20000000000000001,
      0.20000000000000001,
      0.59999999999999998,
      0
    ],
    [  
      0.13,
      0.20000000000000001,
      0.67000000000000004,
      0
    ],
    [  
      0,
      0,
      0.029999999999999999,
      0.96999999999999997
    ],
    [  
      0,
      0,
      0,
      1
    ],
    [  
      0,
      0,
      0,
      0
    ]
  ],
  "BaseDaylength":[  
    [  
      0,
      0,
      0,
      0,
      0,
      0
    ],
    "h"
  ],
  "BeginSensitivePhaseHeatStress":[  
    620,
    "°C d"
  ],
  "CriticalTemperatureHeatStress":[  
    31,
    "°C"
  ],
  "CropHeightP1":6,
  "CropHeightP2":0.5,
  "CropSpecificMaxRootingDepth":1.2999999523162842,
  "CultivarName":"durum wheat",
  "DaylengthRequirement":[  
    [  
      0,
      0,
      0,
      0,
      0,
      0
    ],
    "h"
  ],
  "Description":"",
  "DroughtStressThreshold":[  
    1,
    0.90000000000000002,
    1,
    1,
    0.90000000000000002,
    0.80000000000000004
  ],
  "EndSensitivePhaseHeatStress":[  
    740,
    "°C d"
  ],
  "FrostDehardening":5.0500001907348633,
  "FrostHardening":0.014000000432133675,
  "HeatSumIrrigationEnd":1676,
  "HeatSumIrrigationStart":461,
  "LT50cultivar":-24,
  "LatestHarvestDoy":-1,
  "LowTemperatureExposure":0.65399998426437378,
  "MaxAssimilationRate":52,
  "MaxCropHeight":[  
    0.82999998331069946,
    "m"
  ],
  "OptimumTemperature":[  
    [  
      30,
      30,
      30,
      30,
      30,
      30
    ],
    "°C"
  ],
  "OrganIdsForCutting":[  

  ],
  "OrganIdsForPrimaryYield":[  
    {  
      "organId":4,
      "type":"YieldComponent",
      "yieldDryMatter":0.85999999999999999,
      "yieldPercentage":0.84999999999999998
    }
  ],
  "OrganIdsForSecondaryYield":[  
    {  
      "organId":2,
      "type":"YieldComponent",
      "yieldDryMatter":0.85999999999999999,
      "yieldPercentage":0.84999999999999998
    },
    {  
      "organId":3,
      "type":"YieldComponent",
      "yieldDryMatter":0.85999999999999999,
      "yieldPercentage":0.90000000000000002
    }
  ],
  "OrganSenescenceRate":[  
    [  
      0,
      0,
      0,
      0
    ],
    [  
      0,
      0,
      0,
      0
    ],
    [  
      0,
      0,
      0,
      0
    ],
    [  
      0,
      0,
      0,
      0
    ],
    [  
      0,
      0.050000000000000003,
      0,
      0
    ],
    [  
      0,
      0.050000000000000003,
      0,
      0
    ]
  ],
  "Perennial":false,
  "ResidueNRatio":0.5,
  "RespiratoryStress":0.54000002145767212,
  "SpecificLeafArea":[  
    [  
      0.002,
      0.0018,
      0.0016999999999999999,
      0.0016000000000000001,
      0.0015,
      0.0015
    ],
    "ha kg-1"
  ],
  "StageKcFactor":[  
    [  
      0.40000000000000002,
      0.69999999999999996,
      1.1000000000000001,
      1.1000000000000001,
      0.80000000000000004,
      0.25
    ],
    "1;0"
  ],
  "StageTemperatureSum":[  
    [  
      180,
      284,
      380,
      180,
      420,
      25
    ],
    "°C d"
  ],
  "VernalisationRequirement":[  
    0,
    0,
    0,
    0,
    0,
    0
  ],
  "type":"CultivarParameters"
}