{
	"ef-mono": 0.5,
  "ef-monos": 0.5,
  "ef-iso": 0,

	"AbovegroundOrgan": [false, true, true, true], "AssimilateReallocation": 0.30000001192092896, "BaseTemperature": [0, 1, 1, 1, 1, 1], "CarboxylationPathway": 1, "CriticalOxygenContent": [0.080000000000000002, 0.080000000000000002, 0.080000000000000002, 0.080000000000000002, 0.080000000000000002, 0.029999999999999999], "CuttingDelayDays": 0, "DefaultRadiationUseEfficiency": 0.5, "DevelopmentAccelerationByNitrogenStress": 0, "DroughtImpactOnFertilityFactor": 0, "FieldConditionModifier": 1, "InitialKcFactor": 0.40000000596046448, "InitialOrganBiomass": [53, 53, 0, 0], "InitialRootingDepth": 0.10000000149011612, "LimitingTemperatureHeatStress": 40, "LuxuryNCoeff": 1.1000000238418579, "MaxCropDiameter": 0.0060000000521540642, "MaxNUptakeParam": 3.1449999809265137, "MinimumNConcentration": 0.004999999888241291, "MinimumTemperatureForAssimilation": 4, "MinimumTemperatureRootGrowth": 0, "NConcentrationAbovegroundBiomass": 0.059999998658895493, "NConcentrationB0": 3.5, "NConcentrationPN": 1.3500000238418579, "NConcentrationRoot": 0.019999999552965164, "OrganGrowthRespiration": [0.01, 0.029999999999999999, 0.014999999999999999, 0.01], "OrganMaintenanceRespiration": [0.01, 0.029999999999999999, 0.014999999999999999, 0.01], "PartBiologicalNFixation": 0, "PlantDensity": 100, "RootDistributionParam": 0.0027870000340044498, "RootFormFactor": 1.5, "RootGrowthLag": -30, "RootPenetrationRate": 0.0020000000949949026, "SamplingDepth": 0.60000002384185791, "SpeciesName": "rape", "SpecificRootLength": 300, "StageAfterCut": 0, "StageAtMaxDiameter": 2, "StageAtMaxHeight": 3, "StageMaxRootNConcentration": [0.02, 0.02, 0.012, 0.01, 0.01, 0.01], "StorageOrgan": [false, false, false, true], "TargetN30": 120, "TargetNSamplingDepth": 340, "type": "SpeciesParameters"}