{  
  "AssimilatePartitioningCoeff":[  
    [  
      0.133,
      0.547,
      0.32,
      0
    ],
    [  
      0.166,
      0.25,
      0.548,
      0
    ],
    [  
      0.073,
      0.193,
      0.734,
      0
    ],
    [  
      0.356,
      0.181,
      0.463,
      0.2
    ],
    [  
      0,
      0,
      0,
      1
    ],
    [  
      0,
      0,
      0,
      1
    ],
    [  
      0,
      0,
      0,
      1
    ]
  ],
  "BaseDaylength":[  
    [  
      0,
      0,
      0,
      0,
      0,
      0,
      0
    ],
    "h"
  ],
  "BeginSensitivePhaseHeatStress":[  
    1200,
    "°C d"
  ],
  "CriticalTemperatureHeatStress":[  
    31,
    "°C"
  ],
  "CropHeightP1":9,
  "CropHeightP2":0.34999999403953552,
  "CropSpecificMaxRootingDepth":1.2000000476837158,
  "CultivarName":"grain maize Pioneer 30K75",
  "DaylengthRequirement":[  
    [  
      0,
      0,
      0,
      0,
      0,
      0,
      0
    ],
    "h"
  ],
  "Description":"",
  "DroughtStressThreshold":[  
    0.5,
    0.5,
    0.5,
    0.5,
    0.6,
    0.6,
    0.2
  ],
  "EndSensitivePhaseHeatStress":[  
    1275,
    "°C d"
  ],
  "FrostDehardening":0,
  "FrostHardening":0,
  "HeatSumIrrigationEnd":1675,
  "HeatSumIrrigationStart":113,
  "LT50cultivar":0,
  "LatestHarvestDoy":-1,
  "LowTemperatureExposure":0,
  "MaxAssimilationRate":146,
  "MaxCropHeight":[  
    2,
    "m"
  ],
  "OptimumTemperature":[  
    [  
      30,
      30,
      30,
      30,
      30,
      30,
      30
    ],
    "°C"
  ],
  "OrganIdsForCutting":[  

  ],
  "OrganIdsForPrimaryYield":[  
    {  
      "organId":4,
      "type":"YieldComponent",
      "yieldDryMatter":0.85999999999999999,
      "yieldPercentage":0.78000000000000003
    }
  ],
  "OrganIdsForSecondaryYield":[  

  ],
  "OrganSenescenceRate":[  
    [  
      0,
      0,
      0,
      0
    ],
    [  
      0,
      0,
      0,
      0
    ],
    [  
      0,
      0,
      0,
      0
    ],
    [  
      0.0050000000000000001,
      0.001,
      0,
      0
    ],
    [  
      0.10000000000000001,
      0.0030000000000000001,
      0,
      0
    ],
    [  
      0.10000000000000001,
      0.01,
      0.012999999999999999,
      0
    ],
    [  
      0,
      0.029999999999999999,
      0.02,
      0
    ]
  ],
  "Perennial":false,
  "ResidueNRatio":0.5,
  "RespiratoryStress":0,
  "SpecificLeafArea":[  
    [  
      0.002,
      0.002,
      0.002,
      0.002,
      0.0019,
      0.0018,
      0.0018
    ],
    "ha kg-1"
  ],
  "StageKcFactor":[  
    [  
      0.247,
      0.701,
      0.741,
      0.806,
      1.079,
      0.715,
      0.7
    ],
    "1;0"
  ],
  "StageTemperatureSum":[  
    [  
      160,
      292,
      823,
      204,
      204,
      700,
      25
    ],
    "°C d"
  ],
  "VernalisationRequirement":[  
    0,
    0,
    0,
    0,
    0,
    0,
    0
  ],
  "type":"CultivarParameters"
}