{"AssimilatePartitioningCoeff": [[0.5, 0.5, 0, 0], [0.20000000000000001, 0.40000000000000002, 0.40000000000000002, 0], [0.13, 0.17000000000000001, 0.69999999999999996, 0], [0, 0, 0.10000000000000001, 0.90000000000000002], [0, 0, 0, 0], [0, 0, 0, 0]], "BaseDaylength": [[0, 0, 7, 7, 0, 0], "h"], "BeginSensitivePhaseHeatStress": [0, "°C d"], "CriticalTemperatureHeatStress": [31, "°C"], "CropHeightP1": 9, "CropHeightP2": 0.34999999403953552, "CropSpecificMaxRootingDepth": 1.5, "CultivarName": "winter rape", "DaylengthRequirement": [[0, 20, 20, 20, 0, 0], "h"], "Description": "", "DroughtStressThreshold": [1, 0.80000000000000004, 0.80000000000000004, 0.80000000000000004, 0.80000000000000004, 1], "EndSensitivePhaseHeatStress": [0, "°C d"], "FrostDehardening": 5.0500001907348633, "FrostHardening": 0.014000000432133675, "HeatSumIrrigationEnd": 1000, "HeatSumIrrigationStart": 450, "LT50cultivar": -18, "LatestHarvestDoy": -1, "LowTemperatureExposure": 0.65399998426437378, "MaxAssimilationRate": 50, "MaxCropHeight": [0.80000001192092896, "m"], "OptimumTemperature": [[30, 30, 30, 30, 30, 30], "°C"], "OrganIdsForCutting": [], "OrganIdsForPrimaryYield": [{"organId": 4, "type": "YieldComponent", "yieldDryMatter": 0.91000000000000003, "yieldPercentage": 0.55000000000000004}], "OrganIdsForSecondaryYield": [{"organId": 2, "type": "YieldComponent", "yieldDryMatter": 0.34999999999999998, "yieldPercentage": 0.84999999999999998}, {"organId": 3, "type": "YieldComponent", "yieldDryMatter": 0.34999999999999998, "yieldPercentage": 0.84999999999999998}], "OrganSenescenceRate": [[0, 0, 0, 0], [0, 0, 0, 0], [0, 0, 0, 0], [0, 0.01, 0, 0], [0, 0.01, 0, 0], [0, 0.01, 0, 0]], "Perennial": false, "ResidueNRatio": 0.30000001192092896, "RespiratoryStress": 0.54000002145767212, "SpecificLeafArea": [[0.002, 0.002, 0.002, 0.002, 0.002, 0.002], "ha kg-1"], "StageKcFactor": [[0.59999999999999998, 1.1000000000000001, 1.3, 1.1000000000000001, 0.80000000000000004, 0.59999999999999998], "1;0"], "StageTemperatureSum": [[130, 284, 160, 160, 900, 25], "°C d"], "VernalisationRequirement": [0, 50, 0, 0, 0, 0], "type": "CultivarParameters"}