{
  "AssimilatePartitioningCoeff": [
    [
      0.59504,
      0.057520000000000016,
      0.09840000000000004,
      0.24903999999999993
    ],
    [
      0.22359,
      0.25553,
      0.3713000000000001,
      0.14957999999999994
    ],
    [
      0.0993,
      0.36867,
      0.34659000000000006,
      0.18543999999999994
    ],
    [
      0.15645,
      0.15873,
      0.35805,
      0.32677
    ],
    [
      0.05037,
      0.22815,
      0.2739400000000001,
      0.44753999999999994
    ],
    [
      0.06217999999999999,
      0.25987,
      0.18283,
      0.49512
    ]
  ],
  "BaseDaylength": [
    [
      0,
      0,
      7,
      7,
      0,
      0
    ],
    "h"
  ],
  "BeginSensitivePhaseHeatStress": [
    0,
    "C d"
  ],
  "CriticalTemperatureHeatStress": [
    31,
    "C"
  ],
  "CropHeightP1": 9.097999572753906,
  "CropHeightP2": 0.1940000057220459,
  "CropSpecificMaxRootingDepth": 0.30000001192092896,
  "CultivarName": "",
  "DaylengthRequirement": [
    [
      0,
      0,
      11.9169,
      6.7786,
      9.0295,
      0
    ],
    "h"
  ],
  "Description": "",
  "DroughtStressThreshold": [
    1,
    1,
    1,
    1,
    1,
    1
  ],
  "EndSensitivePhaseHeatStress": [
    0,
    "C d"
  ],
  "FrostDehardening": 0,
  "FrostHardening": 0,
  "HeatSumIrrigationEnd": 1000,
  "HeatSumIrrigationStart": 450,
  "LT50cultivar": 0,
  "LatestHarvestDoy": -1,
  "LowTemperatureExposure": 0,
  "MaxAssimilationRate": 22.1141,
  "MaxCropHeight": [
    0.699999988079071,
    "m"
  ],
  "OptimumTemperature": [
    [
      30,
      30,
      30,
      30,
      30,
      30
    ],
    "C"
  ],
  "OrganIdsForCutting": [
    {
      "organId": 2,
      "type": "YieldComponent",
      "yieldDryMatter": 0.18000000715255737,
      "yieldPercentage": 0.85
    },
    {
      "organId": 3,
      "type": "YieldComponent",
      "yieldDryMatter": 0.18000000715255737,
      "yieldPercentage": 0.85
    }
  ],
  "OrganIdsForPrimaryYield": [],
  "OrganIdsForSecondaryYield": [],
  "OrganSenescenceRate": [
    [
      0.05,
      0,
      0,
      0
    ],
    [
      0.05038,
      0.00818,
      0.02046,
      0.00539
    ],
    [
      0.01521,
      0.02035,
      0.02169,
      0.01369
    ],
    [
      0.051019999999999996,
      0.01925,
      0.01671,
      0.01524
    ],
    [
      0.04754,
      0.02642,
      0.00778,
      0.0215
    ],
    [
      0.05791,
      0.0323,
      0.0671,
      0.028260000000000004
    ]
  ],
  "Perennial": true,
  "ResidueNRatio": 1,
  "RespiratoryStress": 0,
  "SpecificLeafArea": [
    [
      0.00598,
      0.0023,
      0.00256,
      0.0026100000000000003,
      0.00364,
      0.0070799999999999995
    ],
    "ha kg-1"
  ],
  "StageKcFactor": [
    [
      0.5331100000000001,
      0.82384,
      0.8961600000000001,
      0.8468200000000001,
      0.87349,
      0.9139
    ],
    "1;0"
  ],
  "StageTemperatureSum": [
    [
      58.075,
      270.24375,
      272.2275,
      487.12299,
      350.47051,
      39.59725
    ],
    "C d"
  ],
  "VernalisationRequirement": [
    0,
    0,
    0,
    0,
    0,
    0
  ],
  "type": "CultivarParameters"
}