{
  "AssimilatePartitioningCoeff": [
    [
      0.5243399999999999,
      0.20732000000000017,
      -0.0633800000000001,
      0.33172
    ],
    [
      0.2762,
      0.2871600000000001,
      0.18797999999999992,
      0.24866
    ],
    [
      0.12733,
      0.28912,
      0.41423999999999994,
      0.16931000000000007
    ],
    [
      0.13982999999999998,
      0.23909,
      0.39565,
      0.22543000000000002
    ],
    [
      0.05148,
      0.23851999999999998,
      0.33531000000000005,
      0.37468999999999997
    ],
    [
      0.05227999999999999,
      0.23073,
      0.19188,
      0.52511
    ]
  ],
  "BaseDaylength": [
    [
      0,
      0,
      7,
      7,
      0,
      0
    ],
    "h"
  ],
  "BeginSensitivePhaseHeatStress": [
    0,
    "\u00c2\u00b0C d"
  ],
  "CriticalTemperatureHeatStress": [
    31,
    "\u00c2\u00b0C"
  ],
  "CropHeightP1": 9,
  "CropHeightP2": 0.3499999940395355,
  "CropSpecificMaxRootingDepth": 0.30000001192092896,
  "CultivarName": "",
  "DaylengthRequirement": [
    [
      0,
      20,
      13.48836,
      8.80439,
      8.85417,
      0
    ],
    "h"
  ],
  "Description": "",
  "DroughtStressThreshold": [
    1,
    1,
    1,
    1,
    1,
    1
  ],
  "EndSensitivePhaseHeatStress": [
    0,
    "\u00c2\u00b0C d"
  ],
  "FrostDehardening": 0,
  "FrostHardening": 0,
  "HeatSumIrrigationEnd": 1000,
  "HeatSumIrrigationStart": 450,
  "LT50cultivar": 0,
  "LatestHarvestDoy": -1,
  "LowTemperatureExposure": 0,
  "MaxAssimilationRate": 21.3313,
  "MaxCropHeight": [
    0.20000000298023224,
    "m"
  ],
  "OptimumTemperature": [
    [
      30,
      30,
      30,
      30,
      30,
      30
    ],
    "\u00c2\u00b0C"
  ],
  "OrganIdsForCutting": [
    {
      "organId": 2,
      "type": "YieldComponent",
      "yieldDryMatter": 0.30000001192092896,
      "yieldPercentage": 0.85
    },
    {
      "organId": 3,
      "type": "YieldComponent",
      "yieldDryMatter": 0.30000001192092896,
      "yieldPercentage": 0.85
    },
    {
      "organId": 4,
      "type": "YieldComponent",
      "yieldDryMatter": 0.30000001192092896,
      "yieldPercentage": 0.85
    }
  ],
  "OrganIdsForPrimaryYield": [],
  "OrganIdsForSecondaryYield": [],
  "OrganSenescenceRate": [
    [
      0.0,
      0,
      0,
      0
    ],
    [
      0.04324,
      0.00784,
      0.02204,
      0.0059
    ],
    [
      0.0174,
      0.026430000000000002,
      0.0195,
      0.0182
    ],
    [
      0.0453,
      0.02094,
      0.0152,
      0.0199
    ],
    [
      0.05425,
      0.02099,
      0.0076,
      0.01618
    ],
    [
      0.04835,
      0.028310000000000002,
      0.051660000000000005,
      0.02256
    ]
  ],
  "Perennial": true,
  "ResidueNRatio": 1,
  "RespiratoryStress": 0,
  "SpecificLeafArea": [
    [
      0.00645,
      0.00248,
      0.00217,
      0.00234,
      0.00302,
      0.00763
    ],
    "ha kg-1"
  ],
  "StageKcFactor": [
    [
      0.54509,
      1.00491,
      1.0255100000000001,
      1.0180799999999999,
      0.91106,
      0.88036
    ],
    "1;0"
  ],
  "StageTemperatureSum": [
    [
      55.775,
      265.09625,
      247.2525,
      525.70699,
      395.69251,
      43.32405
    ],
    "\u00c2\u00b0C d"
  ],
  "VernalisationRequirement": [
    0,
    0,
    0,
    0,
    0,
    0
  ],
  "type": "CultivarParameters"
}