{
  "AbovegroundOrgan": [
    false,
    true,
    true,
    false
  ],
  "AssimilateReallocation": 0.30000001192092896,
  "BaseTemperature": [
    0.97264,
    1.43329,
    2.95413,
    3.3128900000000003,
    4.61669,
    3.02108
  ],
  "CarboxylationPathway": 1,
  "CriticalOxygenContent": [
    0.08,
    0.08,
    0.08,
    0.08,
    0.08,
    0.08
  ],
  "CuttingDelayDays": 7.2198,
  "DefaultRadiationUseEfficiency": 0.5,
  "DevelopmentAccelerationByNitrogenStress": 0,
  "DroughtImpactOnFertilityFactor": 0,
  "FieldConditionModifier": 1,
  "InitialKcFactor": 0.4000000059604645,
  "InitialOrganBiomass": [
    53,
    53,
    0,
    0
  ],
  "InitialRootingDepth": 0.10000000149011612,
  "LimitingTemperatureHeatStress": 40,
  "LuxuryNCoeff": 1,
  "MaxCropDiameter": 0.003000000026077032,
  "MaxNUptakeParam": 3.1449999809265137,
  "MinimumNConcentration": 0.004999999888241291,
  "MinimumTemperatureForAssimilation": 8,
  "MinimumTemperatureRootGrowth": 0,
  "NConcentrationAbovegroundBiomass": 0.05999999865889549,
  "NConcentrationB0": 0.0010000000474974513,
  "NConcentrationPN": 2.5999999046325684,
  "NConcentrationRoot": 0.019999999552965164,
  "OrganGrowthRespiration": [
    0.01,
    0.03,
    0.01,
    0.015
  ],
  "OrganMaintenanceRespiration": [
    0.01,
    0.03,
    0.01,
    0.015
  ],
  "PartBiologicalNFixation": 0,
  "PlantDensity": 600,
  "RootDistributionParam": 0.00278700003400445,
  "RootFormFactor": 5,
  "RootGrowthLag": -30,
  "RootPenetrationRate": 0.0007999999797903001,
  "SamplingDepth": 0.6000000238418579,
  "SpeciesName": "rye grass",
  "SpecificRootLength": 300,
  "StageAfterCut": 2,
  "StageAtMaxDiameter": 2,
  "StageAtMaxHeight": 3,
  "StageMaxRootNConcentration": [
    0.02,
    0.02,
    0.012,
    0.01,
    0.01,
    0.01
  ],
  "StorageOrgan": [
    false,
    false,
    false,
    true
  ],
  "TargetN30": 20,
  "TargetNSamplingDepth": 50,
  "type": "SpeciesParameters",
  "StageMobilFromStorageCoeff": [
    0.00011999999999999999,
    0.02715,
    0.24163,
    0.13762,
    0.08849,
    0.037469999999999996
  ]
}