{  
  "AssimilatePartitioningCoeff":[  
    [  
      0.7,
      0.2,
      0.1,
      0
    ],
    [  
      0.65,
      0.2,
      0.15,
      0
    ],
    [  
      0.2,
      0.2,
      0.6,
      0
    ],
    [  
      0.10,
      0.27,
      0.6,
      0.03
    ],
    [  
      0,
      0,
      0,
      1
    ],
    [  
      0,
      0,
      0,
      1
    ],
    [  
      0,
      0,
      0,
      1
    ]
  ],
  "BaseDaylength":[  
    [  
      0,
      -15.449999999999999,
      -15.449999999999999,
      -15.449999999999999,
      -15.449999999999999,
      -15.449999999999999,
      0
    ],
    "h"
  ],
  "BeginSensitivePhaseHeatStress":[  
    420,
    "°C d"
  ],
  "CriticalTemperatureHeatStress":[  
    31,
    "°C"
  ],
  "CropHeightP1":9,
  "CropHeightP2":0.34999999403953552,
  "CropSpecificMaxRootingDepth":1.3999999761581421,
  "CultivarName":"VII",
  "DaylengthRequirement":[  
    [  
      0,
      -12.33,
      -12.33,
      -12.33,
      -12.33,
      -12.33,
      0
    ],
    "h"
  ],
  "Description":"",
  "DroughtStressThreshold":[  
    0.8,
    0.8,
    0.8,
    0.8,
    0.8,
    0.8,
    0.8
  ],
  "EndSensitivePhaseHeatStress":[  
    540,
    "°C d"
  ],
  "FrostDehardening":0,
  "FrostHardening":0,
  "HeatSumIrrigationEnd":900,
  "HeatSumIrrigationStart":113,
  "LT50cultivar":0,
  "LatestHarvestDoy":-1,
  "LowTemperatureExposure":0,
  "MaxAssimilationRate":19.681,
  "MaxCropHeight":[  
    1,
    "m"
  ],
  "OptimumTemperature":[  
    [  
      30,
      30,
      30,
      25,
      25,
      25,
      30
    ],
    "°C"
  ],
  "OrganIdsForCutting":[  

  ],
  "OrganIdsForPrimaryYield":[  
    {  
      "organId":4,
      "type":"YieldComponent",
      "yieldDryMatter":0.85999999999999999,
      "yieldPercentage":0.79000000000000004
    }
  ],
  "OrganIdsForSecondaryYield":[  

  ],
  "OrganSenescenceRate":[  
    [  
      0,
      0,
      0,
      0
    ],
    [  
      0,
      0,
      0,
      0
    ],
    [  
      0,
      0,
      0,
      0
    ],
    [  
      0,
      0,
      0,
      0
    ],
    [  
      0,
      0.029999999999999999,
      0,
      0
    ],
    [  
      0,
      0.050000000000000003,
      0.050000000000000003,
      0
    ],
    [  
      0,
      0.050000000000000003,
      0.050000000000000003,
      0
    ]
  ],
  "Perennial":false,
  "ResidueNRatio":0.5,
  "RespiratoryStress":0,
  "SpecificLeafArea":[  
    [  
      0.0035000000000000001,
      0.0032000000000000002,
      0.0030000000000000001,
      0.0025000000000000001,
      0.002,
      0.002,
      0.002
    ],
    "ha kg-1"
  ],
  "StageKcFactor":[  
    [  
      0.4,
      0.7,
      1.1,
      1.3,
      1.3,
      1.1,
      0.4
    ],
    "1;0"
  ],
  "StageTemperatureSum":[  
    [  
      78,
      47.45,
      597.87,
      408.07,
      474.5,
      901.55,
      30
    ],
    "°C d"
  ],
  "VernalisationRequirement":[  
    0,
    0,
    0,
    0,
    0,
    0,
    0
  ],
  "type":"CultivarParameters"
}