{  
  "AssimilatePartitioningCoeff":[  
    [  
      0.5,
      0.4,
      0.1,
      0
    ],
    [  
      0.4,
      0.2,
      0.3,
      0.1
    ],
    [  
      0.2,
      0.2,
      0.3,
      0.3
    ],
    [  
      0.1,
      0.2,
      0.3,
      0.4
    ],
    [  
      0.1,
      0.1,
      0.1,
      0.7
    ],
    [  
      0.1,
      0.1,
      0.1,
      0.7
    ]
  ],
  "BaseDaylength":[  
    [  
      0,
      0,
      7,
      7,
      0,
      0
    ],
    "h"
  ],
  "BeginSensitivePhaseHeatStress":[  
    420,
    "°C d"
  ],
  "CriticalTemperatureHeatStress":[  
    32,
    "°C"
  ],
  "CropHeightP1":12,
  "CropHeightP2":0.60000002384185791,
  "CropSpecificMaxRootingDepth":1,
  "CultivarName":"winter barley",
  "DaylengthRequirement":[  
    [  
      10,
      12,
      14,
      15,
      15,
      14
    ],
    "h"
  ],
  "Description":"",
  "DroughtStressThreshold":[  
    0.80000000000000004,
    0.80000000000000004,
    0.80000000000000004,
    0.75,
    0.59999999999999998,
    0.5
  ],
  "EndSensitivePhaseHeatStress":[  
    540,
    "°C d"
  ],
  "FrostDehardening":0,
  "FrostHardening":0,
  "HeatSumIrrigationEnd":1032,
  "HeatSumIrrigationStart":560,
  "LT50cultivar":-20,
  "LatestHarvestDoy":-1,
  "LowTemperatureExposure":0,
  "MaxAssimilationRate":24,
  "MaxCropHeight":[  
    0.87,
    "m"
  ],
  "OptimumTemperature":[  
    [  
      16,
      18,
      20,
      23,
      26,
      25
    ],
    "°C"
  ],
  "OrganIdsForCutting":[  

  ],
  "OrganIdsForPrimaryYield":[  
    {  
      "organId":4,
      "type":"YieldComponent",
      "yieldDryMatter":0.85999999999999999,
      "yieldPercentage":1
    }
  ],
  "OrganIdsForSecondaryYield":[  
  ],
  "OrganSenescenceRate":[  
    [  
      0,
      0,
      0,
      0
    ],
    [  
      0,
      0,
      0,
      0
    ],
    [  
      0,
      0,
      0,
      0
    ],
    [  
      0,
      0,
      0,
      0
    ],
    [  
      0,
      0,
      0,
      0
    ],
    [  
      0,
      0,
      0,
      0
    ]
  ],
  "Perennial":false,
  "ResidueNRatio":0.30000001192092896,
  "RespiratoryStress":0,
  "SpecificLeafArea":[  
    [  
      0.002,
      0.0019,
      0.0018,
      0.0016999999999999999,
      0.0016000000000000001,
      0.0016000000000000001
    ],
    "ha kg-1"
  ],
  "StageKcFactor":[  
    [  
      0.40000000000000002,
      0.69999999999999996,
      1.1000000000000001,
      1.1000000000000001,
      0.80000000000000004,
      0.25
    ],
    "1;0"
  ],
  "StageTemperatureSum":[  
    [  
      88,
      184,
      380,
      320,
      260,
      125
    ],
    "°C d"
  ],
  "VernalisationRequirement":[  
    0,
    0,
    0,
    0,
    0,
    0
  ],
  "type":"CultivarParameters"
}